<?xml version="1.0" encoding="UTF-8"?>
<provider>
<comment>SIP-Provider for JFritz v0.6.2</comment>
<entry id="0">
	<name>gmx.de</name>
	<number>5047658</number>
	<active>true</active>
	<startdate>1</startdate>
	<festnetztakt1>60</festnetztakt1>
	<festnetztakt2>60</festnetztakt2>
	<festnetzkosten>1.0</festnetzkosten>
	<festnetzfreiminuten>0</festnetzfreiminuten>
	<mobiletakt1>60</mobiletakt1>
	<mobiletakt2>60</mobiletakt2>
	<mobilekosten>23.0</mobilekosten>
	<mobilefreiminuten>0</mobilefreiminuten>
	<warnfreiminuten>0</warnfreiminuten>
</entry>
<entry id="1">
	<name>gmx.de</name>
	<number>5047236</number>
	<active>true</active>
	<startdate>1</startdate>
	<festnetztakt1>60</festnetztakt1>
	<festnetztakt2>60</festnetztakt2>
	<festnetzkosten>1.5</festnetzkosten>
	<festnetzfreiminuten>0</festnetzfreiminuten>
	<mobiletakt1>60</mobiletakt1>
	<mobiletakt2>60</mobiletakt2>
	<mobilekosten>23.0</mobilekosten>
	<mobilefreiminuten>0</mobilefreiminuten>
	<warnfreiminuten>0</warnfreiminuten>
</entry>
<entry id="2">
	<name>gmx.de</name>
	<number>95338016</number>
	<active>true</active>
	<startdate>1</startdate>
	<festnetztakt1>60</festnetztakt1>
	<festnetztakt2>60</festnetztakt2>
	<festnetzkosten>1.5</festnetzkosten>
	<festnetzfreiminuten>0</festnetzfreiminuten>
	<mobiletakt1>60</mobiletakt1>
	<mobiletakt2>60</mobiletakt2>
	<mobilekosten>23.0</mobilekosten>
	<mobilefreiminuten>0</mobilefreiminuten>
	<warnfreiminuten>0</warnfreiminuten>
</entry>
<entry id="3">
	<name>1und1.de</name>
	<number>9801005</number>
	<active>false</active>
	<startdate>1</startdate>
	<festnetztakt1>60</festnetztakt1>
	<festnetztakt2>60</festnetztakt2>
	<festnetzkosten>1.5</festnetzkosten>
	<festnetzfreiminuten>0</festnetzfreiminuten>
	<mobiletakt1>60</mobiletakt1>
	<mobiletakt2>60</mobiletakt2>
	<mobilekosten>23.0</mobilekosten>
	<mobilefreiminuten>0</mobilefreiminuten>
	<warnfreiminuten>0</warnfreiminuten>
</entry>
<entry id="4">
	<name>1und1.de</name>
	<number>9801006</number>
	<active>false</active>
	<startdate>1</startdate>
	<festnetztakt1>60</festnetztakt1>
	<festnetztakt2>60</festnetztakt2>
	<festnetzkosten>1.5</festnetzkosten>
	<festnetzfreiminuten>0</festnetzfreiminuten>
	<mobiletakt1>60</mobiletakt1>
	<mobiletakt2>60</mobiletakt2>
	<mobilekosten>23.0</mobilekosten>
	<mobilefreiminuten>0</mobilefreiminuten>
	<warnfreiminuten>0</warnfreiminuten>
</entry>
<entry id="5">
	<name>sip1.voipbuster.com</name>
	<number>00499115047658</number>
	<active>true</active>
	<startdate>1</startdate>
	<festnetztakt1>60</festnetztakt1>
	<festnetztakt2>60</festnetztakt2>
	<festnetzkosten>1.5</festnetzkosten>
	<festnetzfreiminuten>0</festnetzfreiminuten>
	<mobiletakt1>60</mobiletakt1>
	<mobiletakt2>60</mobiletakt2>
	<mobilekosten>23.0</mobilekosten>
	<mobilefreiminuten>0</mobilefreiminuten>
	<warnfreiminuten>0</warnfreiminuten>
</entry>
<entry id="6">
	<name>sip.sipport.de</name>
	<number>5047658</number>
	<active>false</active>
	<startdate>1</startdate>
	<festnetztakt1>60</festnetztakt1>
	<festnetztakt2>60</festnetztakt2>
	<festnetzkosten>0.0</festnetzkosten>
	<festnetzfreiminuten>0</festnetzfreiminuten>
	<mobiletakt1>60</mobiletakt1>
	<mobiletakt2>60</mobiletakt2>
	<mobilekosten>23.0</mobilekosten>
	<mobilefreiminuten>0</mobilefreiminuten>
	<warnfreiminuten>0</warnfreiminuten>
</entry>
<entry id="7">
	<name>gmx.de</name>
	<number>95338014</number>
	<active>false</active>
	<startdate>1</startdate>
	<festnetztakt1>60</festnetztakt1>
	<festnetztakt2>60</festnetztakt2>
	<festnetzkosten>1.5</festnetzkosten>
	<festnetzfreiminuten>0</festnetzfreiminuten>
	<mobiletakt1>60</mobiletakt1>
	<mobiletakt2>60</mobiletakt2>
	<mobilekosten>23.0</mobilekosten>
	<mobilefreiminuten>0</mobilefreiminuten>
	<warnfreiminuten>0</warnfreiminuten>
</entry>
</provider>
