<?xml version="1.0" encoding="UTF-8"?>
<!DOCTYPE properties SYSTEM "http://java.sun.com/dtd/properties.dtd">
<properties>
<comment>Participants for JFritz! v0.3.6</comment>
<entry key="0726164840">Dentaltechnik, Droste GmbH</entry>
<entry key="09115047658">SL Büro</entry>
<entry key="03088615615">Strato</entry>
<entry key="095171366">Görtler privat</entry>
<entry key="092169109">Strödecke, Jürgen (Dental-Technik)</entry>
<entry key="08003301020">T-Com Rechnungsstelle</entry>
<entry key="01709975036">? (Mobil)</entry>
<entry key="01773353577">? (Mobil)</entry>
<entry key="0816167001">Sedlmeier, P.</entry>
<entry key="08920331074">?</entry>
<entry key="0911685247">Dentallabor, GmbH Frank Robert</entry>
<entry key="091512401">Laus, (Dentaltechnik)</entry>
<entry key="084133230">Hiebel, Thomas (Innovative) Zahntechnik</entry>
<entry key="03918105441">Schmidt, Andreas</entry>
<entry key="0911541946">Dietrich, Manfred (Musiker)</entry>
<entry key="07139931786">Häberlein privat</entry>
<entry key="08157931621">DL Schröder</entry>
<entry key="09312055774">?</entry>
<entry key="0009115047236">SL Privat</entry>
<entry key="095739221259">Systeam FAX</entry>
<entry key="08964911247">?</entry>
<entry key="0972183200">DL Fink</entry>
<entry key="09874689536">Breuers, Olaf Leo</entry>
<entry key="017626297943">? (Mobil)</entry>
<entry key="03088615167">?</entry>
<entry key="06181966747">Adelmann, Ewald (Zahntechnik)</entry>
<entry key="0957198096">Elektro, - Rosenbauer GmbH</entry>
<entry key="09561801923">Dental, Design Coburg GmbH</entry>
<entry key="0957195730">Welsch, Georg GmbH &amp; Co. KG (Sägewerk) Holzhandel</entry>
<entry key="09114597366">?</entry>
<entry key="09547459">FGS Schmittlutz</entry>
<entry key="08003301000">T-COM Privatkunden</entry>
<entry key="095682119">WIRTH, Figuren GmbH</entry>
<entry key="095739221244">?</entry>
<entry key="09115395212">?</entry>
<entry key="091283013">DL Markert</entry>
<entry key="091283012">Markert, Dentallabor GmbH</entry>
<entry key="09115047236">SL Privat</entry>
<entry key="09568925267">Klinik Neustadt</entry>
<entry key="08331990450">Fun Computer</entry>
<entry key="08932211485">?</entry>
<entry key="09131430264">?</entry>
<entry key="09131160359">DL Raschke</entry>
<entry key="03676232530">Karl, Friedrich (Dentallabor)</entry>
<entry key="01759428817">? (Mobil)</entry>
<entry key="093124852">Vermieter</entry>
<entry key="093127049570">Unitas, Dental AG</entry>
<entry key="093441440">Annette Steigmeier</entry>
<entry key="017626320228">? (Mobil)</entry>
<entry key="092615790">DL HRW</entry>
<entry key="01701908119">Knuddeltiger)</entry>
<entry key="05419143389">NT Plus</entry>
<entry key="09519322559">DZB Fax</entry>
<entry key="08001013037">Kostenlos</entry>
<entry key="09542772900">Kauper</entry>
<entry key="03665222151">DL Dentech</entry>
<entry key="08232956615">Thomas Schmidt</entry>
<entry key="095444829">Lesswing, Karl Inh. Dieter Lesswing (Getränkefachgroßhandel)</entry>
<entry key="095121051">DL Nagengast</entry>
<entry key="01805354101">UPS</entry>
<entry key="0911262266">Schanz privat</entry>
<entry key="09542772060">Kauper, Ernst</entry>
<entry key="093127631">BRAUN, ZAHNTECHNIK GmbH</entry>
<entry key="0800101303712">Kostenlos</entry>
<entry key="01795238092">? (Mobil)</entry>
<entry key="0911525770">Autohaus Hartmann</entry>
<entry key="095715006">Autohaus Ehrhardt LIF</entry>
<entry key="095739221179">FAX Systeam</entry>
<entry key="03501526081">Pütz, Axel</entry>
<entry key="071391354">Häberlein</entry>
<entry key="095739221175">?</entry>
<entry key="095739221174">FAX Systeam</entry>
<entry key="095739221173">Systeam</entry>
<entry key="095739221172">Systeam FAX</entry>
<entry key="0403803830">NAVIGON, GmbH</entry>
<entry key="095739221171">Systeam FAX</entry>
<entry key="095739221170">Systeam FAX</entry>
<entry key="0972185632">Fink FAX</entry>
<entry key="09131302077">Dentallabor, Ries GmbH &amp; Co. KG</entry>
<entry key="0260296260296">1und1 Account Service</entry>
<entry key="018051481481">?</entry>
<entry key="08003302000">T-COM</entry>
<entry key="08003301320">? (Freecall)</entry>
<entry key="0911616389">Dental-Labor, Wojtech GmbH</entry>
<entry key="0911515817">Thomas Huber</entry>
<entry key="0372292427">Dentallabor, Kesisoglugil Berc</entry>
<entry key="097497238">DL Becker</entry>
<entry key="097497237">Becker, Dental</entry>
<entry key="095171261">Lesswing, Dieter (Kfm.)</entry>
<entry key="092867649">?</entry>
<entry key="09519322525">DZB Fax</entry>
<entry key="09512976650">?</entry>
<entry key="0914184777">DL Limes</entry>
<entry key="01751744014">DL Hertel </entry>
<entry key="0931400690">?</entry>
<entry key="09131208126">Schütz Fax</entry>
<entry key="09313573174">Navigon Hr. Wolf</entry>
<entry key="03039004390">?</entry>
<entry key="0919196727">Schwamberger, Peter</entry>
<entry key="09519322516">DZB Schneider</entry>
<entry key="0911809113">Zahntechnik, Manfred Schneider GmbH</entry>
<entry key="09519322514">DZB Ertl/Heil</entry>
<entry key="09519322512">DZB Görtler</entry>
<entry key="09519322511">DZB</entry>
<entry key="01805302034">?</entry>
<entry key="08003301309">T-Com</entry>
<entry key="0810277760">Dantotec</entry>
<entry key="0893231762">Merkl, Christian (Dentallabor)</entry>
<entry key="08003301300">T-Com Geschäftskunden</entry>
<entry key="02602961913">?</entry>
<entry key="061037667200">?</entry>
<entry key="04063910">?</entry>
<entry key="095737016">Fößel, Otto (Dent.Labor)</entry>
<entry key="0926153338">Karl, Dental-Technik GmbH</entry>
<entry key="09561860560">HEINZE, &amp; Co. GmbH</entry>
<entry key="07119198737">?</entry>
<entry key="0912816115">Markert, Dentallabor GmbH</entry>
<entry key="01714444087">Schwab, Udo Mobil</entry>
<entry key="03039004416">?</entry>
<entry key="03023622059">Leonhardt, Jörg (Dentallabor)</entry>
<entry key="08999311299">AVM, Computersysteme Vertriebs GmbH</entry>
<entry key="03039004411">AVM Support</entry>
<entry key="018055233325">Kabel Digital</entry>
<entry key="0913123232">DL Schütz</entry>
<entry key="03447505884">ABG-Dentaltechnik, GmbH</entry>
<entry key="093171834">Braun, Siegfried</entry>
<entry key="08923035138">K&amp;K Fax</entry>
<entry key="09369980408">Seubert</entry>
<entry key="08923035137">K+K Dental Schüler</entry>
<entry key="0308459080">Navilock</entry>
<entry key="0972121861">Dentallabor, Dümke e.K.</entry>
<entry key="070062845625">Navilock</entry>
<entry key="0951388921">Liebig Pataky</entry>
<entry key="0970860124">?</entry>
<entry key="0817172883">Zahntechnik, Georg Walter GmbH</entry>
<entry key="03575473098">Debusmann, Roland (Dentallabor)</entry>
<entry key="08003303000">? (Freecall)</entry>
<entry key="0911522097">?</entry>
<entry key="089522042">Charif FAX</entry>
<entry key="089522041">Willand, Charif-Zadeh Berthila</entry>
<entry key="09114610355">DL Wißmüller</entry>
<entry key="07216090011">1und1 Messagebox</entry>
<entry key="09512976977">?</entry>
<entry key="080033556614">DELL Service</entry>
<entry key="0951388910">?</entry>
<entry key="01792249790">? (Mobil)</entry>
<entry key="0972126761">Dentallabor, Dümke e.K.</entry>
<entry key="093071853">Hauptmann</entry>
<entry key="01714049873">Vati</entry>
<entry key="092867601">Kärner, (Zahntechnik) Orale Ästhetik</entry>
<entry key="03039976609">?</entry>
<entry key="0911976770">Dentallabor, DGA GmbH</entry>
<entry key="0928193361">Dental-Labor, Dehnert GmbH</entry>
<entry key="09571957313">holzwelsch</entry>
<entry key="09122839311">Liegel, (Dentaltechnik)</entry>
<entry key="04038038379">Navigon Fax</entry>
<entry key="093130419433">Adam Immo</entry>
<entry key="0911607821">Dental, Labor Neumann GmbH</entry>
<entry key="0931708325">Pulsakowski, Andreas Zahntechnik GmbH</entry>
<entry key="0913113620">DL Raschke</entry>
<entry key="01739992288">? (Mobil)</entry>
<entry key="09561236930">Neunmann Coburg FAX</entry>
<entry key="09114611416">Electronic, Media GmbH (Datenverarbeitung)</entry>
<entry key="0954341569">Schwab, Udo</entry>
<entry key="0954341568">DL Schwab Fax</entry>
<entry key="0954341567">Schwab, Udo</entry>
<entry key="018051000415">?</entry>
<entry key="03447502269">ABG-Dentaltechnik, GmbH</entry>
<entry key="01805000415">1un1</entry>
<entry key="08003332210">S+P Kundenservice</entry>
<entry key="09561236929">Steinbrückner, Thomas</entry>
<entry key="097081819">Markert, Egon (Dental-Technik)</entry>
<entry key="03088615777">?</entry>
<entry key="09519370949">?</entry>
<entry key="092516778">Dr. Gesellensetter Münchberg</entry>
<entry key="093063173">Vermieter</entry>
<entry key="09513027325">Bohrer-Bykowski, GbR (Dental-Labor)</entry>
<entry key="09513027324">Bohrer-Bykowski, GbR Dental-Labor</entry>
<entry key="0919166686">Moritz, Zahntechnik GmbH</entry>
<entry key="0865266711">?</entry>
<entry key="0911794675">Hundt, Michael Zahnund Technik GmbH</entry>
<entry key="095633927">Geißhardt, Rüdigerund Angela</entry>
<entry key="08003332200">S+P</entry>
<entry key="09313573111">Navigon Fax</entry>
<entry key="09251440933">Dental-Labor, Schaller</entry>
<entry key="01713534444">Heunec HD</entry>
<entry key="091838337">Markert, Peter</entry>
<entry key="091958986">Oeffner, Fritz (Heizöl)</entry>
<entry key="0912293740">Batke, &amp; Partner</entry>
<entry key="0003447896741">DL ABG</entry>
<entry key="09307990653">Knuddeltiger</entry>
<entry key="09307990652">Knuddeltiger</entry>
<entry key="0956885584">?</entry>
<entry key="03661456456">Meinhardt, Marcus (Dentallabor)</entry>
<entry key="0956885583">Heunec HD</entry>
<entry key="01713313542">? (Mobil)</entry>
<entry key="095056172">DL Krappmann</entry>
<entry key="095682288">Licht, Horst</entry>
<entry key="081669374">DL Ullrich Allershausen</entry>
<entry key="09419465898">DL </entry>
<entry key="072191374966">S+P</entry>
<entry key="01721005787">? (Mobil)</entry>
<entry key="05419143">NT Plus</entry>
<entry key="0951932250">DRUCKLUFTZENTRALE, GMBH</entry>
<entry key="01805009898">ACER Kundendienst</entry>
<entry key="09302980442">?</entry>
<entry key="02233614400">?</entry>
<entry key="0365414138">Geradent, Zahntechnik GmbH</entry>
<entry key="01633115111">? (Mobil)</entry>
<entry key="091222277">Steinsdörfer, Dentallabor GmbH</entry>
<entry key="09307203300">Knuddeltiger</entry>
<entry key="0618163035">Dentalstudio, "Eckzahn" Teschinsky GmbH</entry>
<entry key="08001012169">? (Freecall)</entry>
<entry key="0957334916">Fößel, Otto (Dent.Labor)</entry>
<entry key="09562983126">?</entry>
<entry key="093691419">Seubert</entry>
<entry key="09114805521">Wiesgickl, Stefan</entry>
<entry key="0896415118">?</entry>
<entry key="09562983121">Sünkel Schramm</entry>
<entry key="08003355661">DELL Service</entry>
<entry key="09562983120">Sünkel </entry>
<entry key="0716145314">Sauter, Michael (ZahntechnikerMstr.)</entry>
<entry key="01712672307">SL mobil</entry>
<entry key="0919164144">?</entry>
<entry key="08001006447">? (Freecall)</entry>
<entry key="0913133077">Dentallabor, Ries GmbH &amp; Co. KG</entry>
<entry key="09314600637">Adam Immo</entry>
<entry key="0931206267">?</entry>
<entry key="09562983118">Sünkel</entry>
<entry key="09561790797">Wolf, Ralf</entry>
<entry key="09562983115">Sünkel</entry>
<entry key="01607369432">? (Mobil)</entry>
<entry key="09562983113">Sünkel</entry>
<entry key="018056284466">Navigon Support</entry>
<entry key="061037668483">DELL KNROVA</entry>
<entry key="09431960326">?</entry>
<entry key="0956885555">Heunec BFD</entry>
<entry key="01805148148111">?</entry>
<entry key="093149083">Vermieter</entry>
<entry key="08976762360">?</entry>
<entry key="094154922">DL Markulin</entry>
<entry key="080088266300">UPS</entry>
<entry key="095651302">Zimmerling, Dental-Labor GmbH</entry>
<entry key="01713452259">? (Mobil)</entry>
<entry key="095656573">Zimmerling, Dental-Labor GmbH</entry>
<entry key="09119767733">DGA Fax</entry>
<entry key="01805233325">Kabel Digital</entry>
<entry key="0931451073">Höck, M.</entry>
<entry key="09122937429">Batke FAX</entry>
<entry key="0974193070">Dentallabor, Eigenbrod GmbH</entry>
<entry key="01805001006">1und1 Kundenservice</entry>
<entry key="09312990017">Vogel Imobilien WÜ</entry>
<entry key="09115047409">SL</entry>
<entry key="093369799784">?</entry>
<entry key="095167082">DL Medelnik FAX</entry>
<entry key="08003305400">T-Com Mittelstandskunden</entry>
<entry key="091195338016">SL</entry>
<entry key="095167081">Dental-Labor, Medelnik GmbH</entry>
<entry key="09112401643">Dentek, Hausiel GmbH</entry>
<entry key="095444574">Lesswing, Karl Inh. Dieter Lesswing (Getränkefachgroßhandel)</entry>
<entry key="0956180190">Dental, Design Coburg GmbH</entry>
<entry key="0001718302136">?</entry>
<entry key="093140287">Gernert, Alois</entry>
<entry key="095121230">Dentallabor, Kruppa &amp; Rehberg Dental-Technik GbR</entry>
<entry key="09119540835">?</entry>
<entry key="09119540834">Autohaus Fröhlich</entry>
<entry key="09119540833">Autohaus Fröhlich</entry>
<entry key="09122937411">Batke</entry>
<entry key="0956894040">Rosenbauer Neustadt</entry>
<entry key="0610376672004">?</entry>
<entry key="0956885532">Heunec Mönch</entry>
<entry key="095615126390">DL Neumann Coburg</entry>
<entry key="093140409868">privat</entry>
<entry key="082475765">DL Pienle Fax</entry>
<entry key="0911635073">DL Ahlendorf</entry>
<entry key="03088615677">Strato</entry>
<entry key="082475763">DL Pienle</entry>
<entry key="09547921039">FGS Schmittlutz</entry>
<entry key="09119767711">DL DGA</entry>
<entry key="0911766380">Enterprise Autovermietung</entry>
<entry key="0561860560">verwählt</entry>
<entry key="09542921210">Rosch-Buch Privat</entry>
<entry key="09115186133">Bauernschmidt FAX</entry>
<entry key="0911444915">DL Hausiel Nürnberg</entry>
<entry key="02131779796">?</entry>
<entry key="03455127100">Dental, Keramik Studio Gessner GmbH</entry>
<entry key="09251440830">Lorenz, Axel (Dentaltechnik)</entry>
<entry key="08001070220">ARCOR</entry>
<entry key="095056471">DL Krapmmann</entry>
<entry key="0817117044">Walter, Zahntechnik GmbH</entry>
<entry key="018050001006">1u1 falsch verbunden</entry>
<entry key="0825283702">Curadenta, GmbH Gesellschaft f. zahntechnische Laborarbeiten</entry>
<entry key="095689250">Krankenhaus Neustadt</entry>
<entry key="095682225">Moelke, Rosa</entry>
<entry key="06997409402">Rawex, Consulting GmbH</entry>
<entry key="016093503400">? (Mobil)</entry>
<entry key="09119801388">?</entry>
<entry key="09542921200">Rosch-Buch</entry>
<entry key="030390043">?</entry>
<entry key="09187959984">Deinlein, Albert &amp; Claudia</entry>
<entry key="01799157977">? (Mobil)</entry>
<entry key="099428050">Burghotel</entry>
<entry key="09573922120">Systeam</entry>
<entry key="0373324021">ADL</entry>
<entry key="02602964111">1und1 Fax Accountservice</entry>
<entry key="07219137420">?</entry>
<entry key="08938989295">?</entry>
<entry key="01713654980">? (Mobil)</entry>
<entry key="0304014348">Leonhardt, Jörg</entry>
<entry key="03041931111">Kabel Digital</entry>
<entry key="091912988">Krempe, (Dentallabor)</entry>
<entry key="0992491988">Schiller, Christian (Dental-Labor)</entry>
<entry key="095687917">WIRTH, Figuren GmbH</entry>
<entry key="097231669">R., Öchsner &amp; W. Heller Zahntechnik GmbH</entry>
<entry key="02173907979">Wever, Joachim Dr. (Zahnarzt)</entry>
<entry key="09544981606">DL Dumstrey</entry>
<entry key="095688550">HEUNEC, Plüschspielwarenfabrik GmbH &amp; Co. KG</entry>
<entry key="01705122901">? (Mobil)</entry>
<entry key="0911618666">DL Lamprecht &amp; Müller</entry>
<entry key="095146033">Bürckner</entry>
<entry key="09119801006">SL</entry>
<entry key="09119801005">?</entry>
<entry key="08007546823">? (Freecall)</entry>
<entry key="03447896741">DL ABG</entry>
<entry key="09512084751">Kruppa, &amp; Rehberg Dental-Technik GbR</entry>
<entry key="09115109508">K+M Shop Nbg</entry>
<entry key="095444923">Albrecht, Wolfgang (Zahntechnik)</entry>
<entry key="03452901384">Gessner FAX</entry>
<entry key="097217309346">Dentallabor, Borosch</entry>
<entry key="01805305000">Internet</entry>
<entry key="0941567839">Duda, - Dentallabor</entry>
<entry key="06997928292">DELL Beschwerdestelle Fr. Murinova</entry>
<entry key="09119568025">Bauernschmid, Bern</entry>
<entry key="09119568024">Bauernschmidt, Bernd</entry>
<entry key="039155574926">Kabel Digital Fax</entry>
<entry key="039155574924">Kabel Digital Fax</entry>
<entry key="074335099">DL Joos Balingen</entry>
<entry key="089337197">Gerber, C. (Dentallabor)</entry>
<entry key="093644173">Wolf, Bernhard &amp; Smola Elke</entry>
<entry key="061023082660">?</entry>
<entry key="09568921106">Reich, Gerd (Dentallabor)</entry>
<entry key="0911395780">Navigations haberle</entry>
<entry key="095146373">Bürckner FAX</entry>
<entry key="0911261277">Schanz, + Schuricht (Zahntechn.) Labor</entry>
<entry key="08008826630">UPS</entry>
<entry key="0911261275">Schanz und Schuricht</entry>
<entry key="017622273523">? (Mobil)</entry>
<entry key="09515098577">DL Bohrez-Bykowska</entry>
<entry key="01805148148">?</entry>
<entry key="0896411118">Charif-Zadeh, Mostafa Dipl.-Ing.</entry>
<entry key="09195992345">?</entry>
<entry key="09924902499">DL Schiller Fax</entry>
<entry key="09924902496">DL Schiller</entry>
<entry key="09191729711">Dentallabor, F. J. Raab</entry>
<entry key="095739221666">FAX Systeam</entry>
</properties>
