<?xml version="1.0" encoding="UTF-8"?>
<properties>
<comment>Properties for JFritz v0.6.2</comment>
<entry key="option.notifyOnCalls">false</entry>
<entry key="filter.date_to">22.06.06</entry>
<entry key="option.callmessageport">23232</entry>
<entry key="filter.sip">false</entry>
<entry key="column6.name">route</entry>
<entry key="filter.Phonebook.search">schröder</entry>
<entry key="option.watchdog.fetchAfterStandby">true</entry>
<entry key="filter.callinfailed">false</entry>
<entry key="box.address">192.168.1.200</entry>
<entry key="column.number.width">139</entry>
<entry key="option.activateDialPrefix">false</entry>
<entry key="option.lookupAfterFetch">true</entry>
<entry key="column.callbycall.width">139</entry>
<entry key="filter.callbycallProvider">[01026, 01086, 01029]</entry>
<entry key="column0.name">type</entry>
<entry key="box.password">233-68-21-8-244-172-225-142-121-203-238-10-54-180-181-42</entry>
<entry key="option.startcallmonitor">true</entry>
<entry key="filter.callout">false</entry>
<entry key="filter.fixed">false</entry>
<entry key="option.popupDelay">10</entry>
<entry key="column4.width">348</entry>
<entry key="option.callmonitor.monitorOutgoingCalls">false</entry>
<entry key="column7.name">duration</entry>
<entry key="option.startExternProgram">true</entry>
<entry key="box.port">80</entry>
<entry key="option.minimize">true</entry>
<entry key="filter.callbycall">false</entry>
<entry key="column1.name">date</entry>
<entry key="country.code">+49</entry>
<entry key="option.timerAfterStart">true</entry>
<entry key="column9.width">71</entry>
<entry key="column3.width">349</entry>
<entry key="position.left">0</entry>
<entry key="column.type.width">139</entry>
<entry key="option.fetchAfterStart">true</entry>
<entry key="column8.name">comment</entry>
<entry key="dial.prefix"></entry>
<entry key="column.route.width">138</entry>
<entry key="fetch.timer">3</entry>
<entry key="option.playSounds">true</entry>
<entry key="column.participant.width">138</entry>
<entry key="option.callMonitorType">1</entry>
<entry key="column8.width">72</entry>
<entry key="column2.name">callbycall</entry>
<entry key="option.showCommentColumn">true</entry>
<entry key="option.callmonitor.fetchAfterDisconnect">true</entry>
<entry key="option.createBackup">true</entry>
<entry key="column.date.width">139</entry>
<entry key="filter.number">false</entry>
<entry key="area.code">911</entry>
<entry key="position.top">0</entry>
<entry key="option.callmonitor.ignoreMSN">1853;9899799;990653;1853@gmx.de;9899799@gmx.de</entry>
<entry key="option.showCallByCall">false</entry>
<entry key="column2.width">60</entry>
<entry key="filter.callin">false</entry>
<entry key="column3.name">number</entry>
<entry key="option.callmonitor.monitorIncomingCalls">true</entry>
<entry key="country.prefix">00</entry>
<entry key="filter.comment">false</entry>
<entry key="option.autostartcallmonitor">true</entry>
<entry key="column.comment.width">138</entry>
<entry key="option.useSSDP">true</entry>
<entry key="column7.width">73</entry>
<entry key="option.confirmOnExit">true</entry>
<entry key="option.startMinimized">true</entry>
<entry key="column1.width">131</entry>
<entry key="option.showPortColumn">true</entry>
<entry key="option.externProgram">E:\Programme\jfritz\SpeakItAgent.exe &#34;Anruf von %Name.&#34; &#34;Anruf von %Name (%Number) auf %Called.&#34; -v100</entry>
<entry key="option.createBackupAfterFetch">false</entry>
<entry key="option.checkNewVersionAfterStart">false</entry>
<entry key="window.state">0</entry>
<entry key="area.prefix">0</entry>
<entry key="column4.name">participant</entry>
<entry key="filter.date_from">22.06.06</entry>
<entry key="position.width">1280</entry>
<entry key="column6.width">72</entry>
<entry key="option.yacport">10629</entry>
<entry key="column0.width">60</entry>
<entry key="lookandfeel">com.sun.java.swing.plaf.windows.WindowsLookAndFeel</entry>
<entry key="filter.sipProvider">[]</entry>
<entry key="legalInfo.telephoneCharges">false</entry>
<entry key="filter.search"></entry>
<entry key="filter.date">false</entry>
<entry key="option.deleteAfterFetch">false</entry>
<entry key="column.port.width">139</entry>
<entry key="jfritz.isRunning">true</entry>
<entry key="column5.name">port</entry>
<entry key="option.showCallByCallColumn">true</entry>
<entry key="column.duration.width">139</entry>
<entry key="option.popuptype">2</entry>
<entry key="filter.handy">false</entry>
<entry key="position.height">960</entry>
<entry key="option.syslogpassthrough">false</entry>
<entry key="column5.width">73</entry>
<entry key="option.syslogclientip">192.168.1.105</entry>
</properties>
